<?xml version="1.0"?>

<library>
	<book>
		<chapter num="1">
			<section>Chapter - 1 - Section -1 </section>
			<section>Chapter - 1 - Section -2 </section>		
		</chapter>
		
	</book>
	<book>
		<chapter num="2">
			<section>Chapter - 2 - Section -1 </section>
			<section>Chapter - 2 - Section -2 </section>
			<section>Chapter - 2 - Section -3 </section>
		</chapter>
		
		<chapter num="3">
			<section>Chapter - 3 - Section -1 </section>
			<section>Chapter - 4 - Section -2 </section>
			<section>Chapter - 5 - Section -3 </section>
		</chapter>
		
	</book>
</library>