<?xml version="1.0"?>
<loans>
	<loan id="101">
		<fname></fname>
		<lname></lname>
		<address>
			<houseno>123</houseno>
			<street>21777 Hoolywood</street>			
			<pin>1200</pin>
			<city>Los Angeles</city>
		</address>
		<creditscore>750</creditscore>	
	</loan>
	
	<loan id="101">
		<fname></fname>
		<lname></lname>
		<address>
			<houseno>123</houseno>
			<street>21777 Hoolywood</street>			
			<pin>1200</pin>
			<city>Los Angeles</city>
		</address>
		<creditscore>750</creditscore>	
	</loan>
	
</loans>